Gene,FDR_no_PPI,FDR_PPI
A1BG,0.963591715976331,0.397311444652908
AAK1,0.966692484662577,0.643043907793633
AAR2,0.877929765886288,0.253754672897196
ABCC9,0.972008939974457,0.793930817610063
ABCD1,0.972026802807913,0.794060339409177
ABCD3,0.949497549019608,0.545733146067416
ABCE1,0.672411764705882,0
ABI1,0.544202898550725,0.131233516483516
ABL1,0.969748096885813,0.755761194029851
ACAA1,0.966716475095786,0.669336040609137
ACAN,0.972044642857143,0.73859792166267
ACOT8,0.93428855721393,0.643427631578947
ACOX1,0.963619932432432,0.738804313099041
ACTB,0.0109,0.000772058823529412
ACTC1,0.966740428790199,0.755941834451902
ACTG1,0.743774436090226,0.283004484304933
ACTL6A,0.969768326417704,0.756122205663189
ACTL6B,0.972062460165711,0.794189698492462
ACTN1,0.97208025477707,0.756302308265078
ACTN2,0.966764345830145,0.756482142857143
ACTR10,0.960201680672269,0.775976060191519
ACTR1A,0.972098026734564,0.756661710037175
ACTR1B,0.963648101265823,0.794318895166353
ACTR2,0.963676222596965,0.776128503075871
ACTR3,0.966788226299694,0.756841010401189
ACVR1,0.969788527988943,0.776280737704918
ACVR1B,0.972115776081425,0.776432764505119
ACVR1C,0.963704296545914,0.776584583901774
ACVR2A,0.969808701657458,0.715746736292428
ACVR2B,0.969828847481021,0.794447929736512
ACVRL1,0.972133502860776,0.776736196319018
ADAM10,0.969848965517241,0.715990434782609
ADAM17,0.960235074626866,0.669665314401623
ADAMTS1,0.96986905582357,0.75702004454343
ADAMTS10,0.966812070282658,0.776887602179837
ADAMTS2,0.972151207115629,0.777038801906059
ADAMTS3,0.9698891184573,0.75719881305638
ADAMTS4,0.966835877862596,0.757377316530764
ADAMTS5,0.966859649122807,0.71623370981755
ADAMTS6,0.969909153475568,0.757555555555556
ADAMTS8,0.966883384146341,0.7164765625
ADAMTS9,0.972168888888889,0.794576802507837
ADNP,0.97218654822335,0.757733530717987
ADRBK1,0.963732323232323,0.739010375099761
ADSL,0.972204185161699,0.777189795918367
ADSS,0.949552019583843,0.643810514786418
ADSSL1,0.972221799746515,0.75791124260355
AFP,0.878296666666667,0.669993920972644
AGL,0.972239392020266,0.794705513784461
AGO2,0.483896551724138,0.0983074712643678
AGRN,0.972256962025316,0.794834063869756
AHI1,0.969929160935351,0.777340584636302
AHSG,0.781632911392405,0.322864693446089
AKT1,0.923681102362205,0.245203309692671
AKT2,0.942287142857143,0.474216965742251
AKT3,0.923813359528487,0.716718993928881
ALMS1,0.966907083015994,0.777491168478261
ALYREF,0.923945098039216,0.000250965250965251
AMD1,0.942359486447931,0.606666666666667
AMPD1,0.966930745814307,0.73921610845295
AMPH,0.934384105960265,0.644192560175055
AMT,0.577223684210526,0.145708894878706
ANKRD11,0.969949140893471,0.777641547861507
ANKS6,0.963760302775442,0.716961005199307
AP1B1,0.934479338842975,0.739421513944223
AP1G1,0.956055381400209,0.777791723202171
AP1G2,0.963788235294118,0.644573770491803
AP1M1,0.956096033402923,0.739626592356688
AP1M2,0.960268406337372,0.717202597402597
AP1S1,0.949606356968215,0.475053745928339
AP1S2,0.960301675977654,0.644954148471616
AP1S3,0.855495967741935,0.573245059288538
AP2A1,0.956136600625652,0.739831344470963
AP2A2,0.949660561660562,0.670321862348178
AP2B1,0.934574257425743,0.670649140546006
AP2M1,0.96033488372093,0.740035771065183
AP2S1,0.924076320939335,0.546356241234222
AP4E1,0.942431623931624,0.607133171912833
APH1A,0.949714634146341,0.398413857677903
APH1B,0.834046948356807,0.670975757575758
APLN,0.782905660377359,0.546977591036415
APOB,0.963816120906801,0.794962453066333
APOE,0.92420703125,0.695128037383178
APRT,0.956177083333333,0.740239872915012
AQR,0.972274509803921,0.0166840390879479
AR,0.97229203539823,0.795090681676047
ARAF,0.966954372623574,0.777941694915254
ARF1,0.960368029739777,0.695408029878618
ARF4,0.942503556187767,0.607598548972189
ARFGAP1,0.942575284090909,0.608062801932367
ARHGAP31,0.960401114206128,0.740443650793651
ARHGAP39,0.969969093406593,0.740647105471848
ARHGEF7,0.963843959731544,0.758088691796009
ARID1A,0.956217481789802,0.7582658788774
ARID1B,0.558944444444444,0.147771505376344
ARID2,0.966977963525836,0.740850237717908
ARL13B,0.956257796257796,0.717443771626298
ARL3,0.878661129568106,0.608525934861279
ARL6,0.924337231968811,0.547597202797203
ARMC4,0.963871751886002,0.778091463414634
ARNT,0.942646808510638,0.573794736842105
ARPC1A,0.96043413729128,0.671301715438951
ARPC1B,0.942718130311615,0.717684528954192
ARPC2,0.934668863261944,0.608987951807229
ARPC3,0.807353591160221,0.609448856799037
ARPC4,0.856024096385542,0.246929245283019
ARPC5,0.924466926070039,0.475887804878049
ARRB1,0.942789250353607,0.609908653846154
ARRB2,0.89581512605042,0.610367346938775
ASH2L,0.969989018531228,0.741053048297704
ASXL1,0.523615384615385,0.114733146067416
ATF2,0.960467099165894,0.610824940047962
ATF3,0.934763157894737,0.368387795275591
ATIC,0.586179487179487,0.172205729166667
ATM,0.972309538850284,0.79521875
ATR,0.97232702020202,0.795346658338538
AURKB,0.879023178807947,0.324257383966245
AXIN1,0.963899497487437,0.717924870466321
B3GALT6,0.879382838283828,0.476719155844156
B3GAT3,0.96392719665272,0.778241029113067
B4GALT7,0.9605,0.325644210526316
B9D1,0.963954849498328,0.671627016129032
B9D2,0.949768574908648,0.39951214953271
BAD,0.80832967032967,0.305704989154013
BAMBI,0.934857142857143,0.510081942336874
BAP1,0.934950819672131,0.307168831168831
BAZ1B,0.967001518602885,0.741255537974684
BBS1,0.972344479495268,0.795474406991261
BBS10,0.967025037936267,0.758442804428044
BBS12,0.949822384428224,0.718164797238999
BBS2,0.972361916771753,0.795601996257018
BBS4,0.949876063183475,0.510807575757576
BBS5,0.960532839962997,0.778390392422192
BBS7,0.963982456140351,0.718404310344828
BBS9,0.970008916323731,0.778539553752535
BCAR1,0.949929611650485,0.645333696837514
BCAS2,0.942860169491525,0
BCL2L11,0.879740131578947,0.400606343283582
BCL6,0.96056561922366,0.57434296977661
BCL7C,0.809295081967213,0.645712418300654
BCOR,0.967048521607278,0.758619469026549
BICC1,0.960598337950138,0.67195166163142
BIN1,0.896075418994413,0.672275653923541
BIRC2,0.924596116504854,0.548215083798883
BIRC3,0.956298026998961,0.611281437125749
BLK,0.96707196969697,0.758795873249816
BLNK,0.94998303030303,0.6956875
BMP1,0.967095382286147,0.795729426433915
BMP10,0.956338174273859,0.741457707509881
BMP2,0.964010016694491,0.778688513513514
BMP4,0.956378238341969,0.672598994974874
BMP7,0.950036319612591,0.718643410852713
BMPR1A,0.964037531276064,0.795856697819315
BMPR1B,0.964065,0.758972017673049
BMPR2,0.910727058823529,0.611736842105263
BMS1,0.942930888575458,0
BOC,0.967118759455371,0.718882099827883
BOP1,0.7344609375,0
BRAF,0.09556,0.0132467105263158
BRCA1,0.972379332073094,0.795983810709838
BRD1,0.960630996309963,0.796110765401369
BRD7,0.745559701492537,0.612191158900836
BRPF1,0.967142101284958,0.759147902869757
BRPF3,0.967165407854985,0.796237562189055
BRWD1,0.972396725440806,0.778837272113437
BTK,0.970028786840302,0.796364201367309
BTLA,0.81025,0.369599214145383
BTRC,0.967188679245283,0.7191203783319
BUB1,0.950089480048368,0.646090315560392
BUB1B,0.956418219461698,0.741659557661927
BUB3,0.964092422980849,0.574889763779527
BUD31,0.811194594594595,0
BYSL,0.950142512077295,0
C1D,0.89633426183844,0.0358836477987421
C1ORF127,0.950195416164053,0.646467391304348
C2CD3,0.9724140969163,0.796490683229814
C5ORF42,0.964119800332779,0.796617008069522
C6ORF25,0.812129032258065,0.234690647482014
CACNA1C,0.97243144654088,0.79674317617866
CACNA2D1,0.970048630136986,0.741861089187056
CACNA2D2,0.967211915535445,0.796869187848729
CACNA2D3,0.964147132169576,0.672921686746988
CACNA2D4,0.943001408450704,0.695966449207829
CACNB1,0.972448774355751,0.796995043370508
CACNB2,0.97246608040201,0.759323529411765
CACNB3,0.964174418604651,0.71935824742268
CACNB4,0.964201659751037,0.778985829959514
CACNG1,0.956458117890383,0.477547811993517
CALM1,0.896591666666667,0.478373786407767
CALM2,0.834757009345794,0.696244878957169
CALM3,0.880095081967213,0.612644391408115
CAPZA1,0.910913145539906,0.432613756613757
CAPZA2,0.911098360655738,0.646843648208469
CAPZB,0.943071729957806,0.742062302839117
CARM1,0.943141853932584,0.433589788732394
CASC3,0.956497933884297,0.000989090909090909
CAV1,0.960663594470046,0.511531013615734
CBL,0.967235116804823,0.742263199369582
CBX3,0.911282710280374,0.512252265861027
CC2D2A,0.972483364720653,0.797120743034056
CCDC103,0.943211781206171,0.479197092084006
CCDC114,0.935044189852701,0.512971342383107
CCDC151,0.956537667698658,0.647219088937093
CCDC39,0.956577319587629,0.719595708154506
CCDC40,0.956616889804325,0.759498897869214
CCL11,0.747318518518519,0.284563758389262
CCL19,0.708991379310345,0.401696461824953
CCL20,0.813053475935829,0.434562390158172
CCL21,0.896847645429363,0.327025210084034
CCL25,0.880447712418301,0.513688253012048
CCL4,0.911466200466201,0.370805882352941
CCL4L1,0.911648837209302,0.402782527881041
CCL5,0.711307692307692,0.514403007518797
CCNA2,0.911830626450116,0.515115615615616
CCNB1,0.912011574074074,0.480017741935484
CCNB2,0.935137254901961,0.696522790697674
CCNC,0.91219168591224,0.435531578947368
CCND1,0.813968085106383,0.480835748792271
CCND2,0.897102209944751,0.515826086956522
CCND3,0.92472480620155,0.481651125401929
CCNE2,0.880798045602606,0.647593716143012
CCP110,0.960696132596685,0.613096543504172
CCT2,0.956656378600823,0.673243731193581
CCT3,0.964228855721393,0.742463779527559
CCT4,0.970068446269678,0.137452316076294
CCT5,0.960728610855566,0.759674008810573
CCT6A,0.960761029411765,0.613547619047619
CCT6B,0.970088235294118,0.647967532467532
CCT7,0.970107997265892,0.25544289044289
CCT8,0.96725828313253,0.516534431137725
CCT8L2,0.950248192771084,0.575435124508519
CD274,0.935230016313214,0.248647058823529
CD2AP,0.924852998065764,0.575979057591623
CD2BP2,0.943281512605042,0.00556313993174061
CD4,0.935322475570033,0.517240657698057
CD96,0.856548,0.482463884430177
CDC20,0.950300842358604,0.613997621878716
CDC34,0.912370967741935,0.293777041942605
CDC40,0.960793388429752,0
CDC42,0.3347,0.0301587301587302
CDC5L,0.95669578622816,0
CDCA5,0.7841625,0.37200782778865
CDH1,0.972500627352572,0.742664044059795
CDH2,0.972517868338558,0.759848862802641
CDK1,0.857067729083665,0.614446555819477
CDK19,0.924980694980695,0.696800185873606
CDK2,0.950353365384615,0.548831241283124
CDK4,0.925107899807322,0.648340540540541
CDK5,0.925234615384615,0.614894424673784
CDK6,0.960825688073394,0.648712742980561
CDK8,0.950405762304922,0.673565130260521
CDK9,0.92536084452975,0.436497373029772
CDKN1A,0.835460465116279,0.673885885885886
CDKN1C,0.943351048951049,0.615341232227488
CDKN2A,0.950458033573142,0.697077065923863
CDKN2B,0.956735112936345,0.697353432282004
CDKN2C,0.925486590038314,0.483274038461538
CDKN2D,0.881146103896104,0.649084142394822
CDON,0.964256006628003,0.719832761578045
CEBPA,0.943420391061453,0.403864564007421
CEBPB,0.925611854684512,0.517944776119403
CENPA,0.814873015873016,0.674206
CEP135,0.956774358974359,0.742863993710692
CEP152,0.972535087719298,0.797246287128713
CEP164,0.964283112582782,0.74306362922231
CEP250,0.972552285535379,0.797371675943104
CEP290,0.972569461827284,0.797496909765142
CEP41,0.956813524590164,0.74326295133438
CEP57,0.943489539748954,0.64945474137931
CEP63,0.960857928505958,0.576521568627451
CEP72,0.96089010989011,0.518646795827124
CEP76,0.960922232387923,0.760023460410557
CEP89,0.950510179640719,0.674525474525475
CEP97,0.960954296160877,0.674844311377245
CER1,0.722327868852459,0.404942592592593
CFC1,0.815768421052632,0.4840816
CFL1,0.925736641221374,0.373205078125
CFL2,0.925860952380952,0.406016635859519
CFTR,0.972586616635397,0.797621988882026
CHD3,0.97260375,0.797746913580247
CHD4,0.836157407407407,0.484886581469649
CHD7,0,0
CHMP3,0.935414634146341,0.675162512462612
CHRD,0.925984790874525,0.797871684145589
CHST11,0.960986301369863,0.760197802197802
CHST12,0.950562200956938,0.649824542518837
CHST13,0.96431017369727,0.675480079681275
CHST3,0.972620861961274,0.797996300863132
CHTF18,0.967281414597442,0.72006940874036
CHUK,0.961018248175183,0.650193548387097
CITED1,0.785403726708075,0.485688995215311
CITED2,0.706634782608696,0.271904328018223
CITED4,0.912549425287356,0.43745979020979
CLTA,0.912727064220183,0.438418848167539
CLTB,0.926108159392789,0.720305650684931
CLTC,0.956852610030706,0.760371888726208
CLTCL1,0.967304511278196,0.760545720555962
CLUAP1,0.950614097968937,0.615786982248521
CNKSR1,0.912903890160183,0.720541488451668
CNKSR2,0.956891615541922,0.779134187457856
CNTN1,0.967327573253193,0.760719298245614
CNTN6,0.964337190082645,0.743461960784314
CNTRL,0.964364161849711,0.74366065830721
COL12A1,0.972637952559301,0.798120764017252
COL1A1,0.972655021834061,0.798245073891626
COL1A2,0.972672069825436,0.798369230769231
COL2A1,0.972689096573209,0.798493234932349
COL3A1,0.972706102117061,0.798617086662569
COL4A1,0.972723086496577,0.798740786240786
COL4A2,0.972740049751244,0.798864333947207
COL5A1,0.972756991920447,0.79898773006135
COL5A2,0.972773913043478,0.799110974862048
COL6A1,0.972790813159528,0.799234068627451
COL6A2,0.972807692307692,0.799357011635027
COL6A3,0.972824550526968,0.799479804161567
COL8A2,0.680895238095238,0.257123255813954
COL9A1,0.964391089108911,0.760892622352082
COL9A2,0.972841387856258,0.79960244648318
COL9A3,0.970127732240437,0.779282345013477
COLGALT1,0.663494949494949,0.184151282051282
COLGALT2,0.554140845070423,0.149825737265416
COMP,0.972858204334365,0.799724938875306
COX4I1,0.897355371900826,0.616231678486998
COX5A,0.943558495821727,0.616675324675325
COX5B,0.913079908675799,0.328400419287212
COX6A1,0.926231060606061,0.486488853503185
COX6B1,0.857583333333333,0.720776923076923
COX6C,0.683669811320755,0.329769874476987
COX7A2L,0.836847926267281,0.487286168521463
COX7B,0.837532110091743,0.344466257668712
COX7C,0.749051470588235,0.345771428571429
COX8A,0.858094861660079,0.577062663185379
CPSF1,0.961050136736554,0.308626349892009
CREB1,0.935506493506494,0.743859044635865
CREBBP,0.972875,0.799847281612706
CRELD1,0.961081967213115,0.744057120500782
CRK,0.950665871121718,0.519346726190476
CRKL,0.926353497164461,0.549445682451253
CRNKL1,0.967350600600601,0
CRTAP,0.961113739763421,0.577602346805737
CSF1R,0.970147440273038,0.799969474969475
CSF2,0.713584745762712,0.227532687651332
CSNK1A1,0.956930541368744,0.488080952380952
CSNK2A1,0.956969387755102,0.520044576523031
CSNK2A2,0.913255125284738,0.650561761546724
CSTF3,0.96737359339835,0.207231343283582
CTBP1,0.964417971970321,0.779430303030303
CTCF,0.943627260083449,0.650929184549356
CTLA4,0.750759124087591,0.331133611691023
CTNNB1,0.05975,0.00283566433566434
CTNNBL1,0.943695833333333,0
CTTN,0.964444810543657,0.651295819935691
CUBN,0.972891774891775,0.800091519219036
CUL3,0.599037037037037,0.174207792207792
CWC15,0.926475471698113,4.27350427350427e-06
CWC22,0.943764216366158,0
CWC25,0.950717520858165,0.000280769230769231
CWC27,0.935598055105348,8.51063829787234e-06
CX3CL1,0.752442028985507,0.675797014925373
CXCL1,0.913429545454545,0.332491666666667
CXCL10,0.926596986817326,0.488873217115689
CXCL11,0.724430894308943,0.374397660818713
CXCL12,0.8382100456621,0.697629286376274
CXCL13,0.75410071942446,0.310077586206897
CXCL16,0.838881818181818,0.333844074844075
CXCL2,0.881491909385113,0.520740356083086
CXCL5,0.839547511312217,0.407086715867159
CXCL9,0.897607142857143,0.311522580645161
CXCR4,0.957008154943935,0.489662974683544
CYCS,0.897857534246575,0.347071283095723
CYLD,0.970167121418827,0.761065693430657
CYP21A2,0.0213076923076923,0.00308710801393728
CYP51A1,0.950769047619048,0.651661670235546
DAB2,0.840207207207207,0.578140625
DAB2IP,0.970186775732788,0.800213414634146
DAW1,0.957046843177189,0.676113320079523
DCAF13,0.950820451843044,0
DCN,0.881835483870968,0.676428997020854
DCP1A,0.93568932038835,0.232911057692308
DCTN1,0.972908529048208,0.800335161486898
DCTN2,0.913603174603175,0.550058414464534
DCTN4,0.81665445026178,0.578677503250975
DCTN5,0.957085452695829,0.676744047619048
DCTN6,0.913776018099548,0.521434074074074
DDIT4,0.81753125,0.550669444444444
DDX11,0.972925262507721,0.761238512035011
DDX23,0.967396551724138,0
DDX42,0.961145454545455,0.195818181818182
DDX46,0.964471604938272,0.000343511450381679
DEPTOR,0.898106557377049,0.617117924528302
DERL2,0.913948081264108,0.551278779472954
DGCR2,0.657288659793814,0.236461722488038
DHCR24,0.972941975308642,0.800456760048721
DHCR7,0.972958667489204,0.779578061911171
DHFR,0.882176848874598,0.69790462962963
DHX15,0.964498355263158,0
DHX16,0.926718045112782,0
DHX38,0.967419475655431,1.27118644067797e-05
DHX8,0.967442365269461,0.0114966887417219
DHX9,0.678105769230769,1.68776371308017e-05
DISP1,0.967465220643231,0.72101195559351
DISP2,0.972975339087546,0.779725622057835
DLL1,0.970206403269755,0.761411078717201
DLL4,0.66652,0.203455
DLX1,0.967488041853513,0.800578210590383
DMD,0.972991990141713,0.800699513381995
DNAAF1,0.926838649155722,0.490450236966825
DNAAF2,0.858602362204724,0.617559481743227
DNAAF3,0.950871733966746,0.618
DNAH11,0.973008620689655,0.800820668693009
DNAH5,0.973025230769231,0.800941676792224
DNAI1,0.964525061626952,0.779872983870968
DNAI2,0.957123983739837,0.652026737967914
DNAJC6,0.970226004084411,0.780020147750168
DNAL1,0.840860986547085,0.677058473736373
DNALI1,0.926958801498127,0.579212987012987
DNM1,0.973041820418204,0.801062537947784
DNM2,0.973058389674247,0.801183252427184
DNM3,0.914119369369369,0.348365853658537
DOCK6,0.970245578231293,0.698179463459759
DPF1,0.970265125764786,0.74425488663018
DPF2,0.973074938574939,0.801303820497271
DPF3,0.961177111716621,0.78016711409396
DPPA4,0.859105882352941,0.286116071428571
DPY30,0.898354223433242,0.43937456445993
DRC1,0.935780290791599,0.652391025641026
DTX1,0.927078504672897,0.579747081712062
DTX2,0.950922894424674,0.652754535752401
DTX4,0.935870967741935,0.653117270788913
DVL1,0.950973933649289,0.37558560311284
DVL2,0.951024852071006,0.491235015772871
DVL3,0.356166666666667,0.0561341463414634
DYNC1H1,0.973091467157766,0.801424242424242
DYNC1I1,0.951075650118203,0.761583394027677
DYNC1I2,0.973107975460123,0.761755458515284
DYNC1LI1,0.311157894736842,0.0603727272727273
DYNC1LI2,0.914289887640449,0.349655172413793
DYNC2H1,0.973124463519313,0.801544518473652
DYNC2LI1,0.943832409972299,0.677372277227723
DYNLL1,0.898600543478261,0.492017322834646
DYNLL2,0.841508928571429,0.52212573964497
DYNLRB1,0.85960546875,0.376768932038835
DYNLRB2,0.914459641255605,0.440326956521739
DYNLT1,0.7265,0.350939271255061
DYNLT3,0.882516025641025,0.408152854511971
DYX1C1,0.345682926829268,0.0688173652694611
E2F1,0.92719776119403,0.721246587030717
E2F3,0.943900414937759,0.677685459940653
E2F4,0.961208711433757,0.677998023715415
E2F5,0.964551724137931,0.721480818414322
E2F6,0.957162436548223,0.72171465076661
EBF1,0.96457834290402,0.721948085106383
ECE1,0.755735714285714,0.522815361890694
EDN1,0.951126328217237,0.618439482961222
EEF1A1,0.935961352657005,0
EEF1B2,0.957200811359026,5.69105691056911e-05
EEF1G,0.88285303514377,9.2e-05
EEF2,0.914628635346756,0
EEFSEC,0.967510828976848,0.102457142857143
EFCAB7,0.957239108409321,0.6188779342723
EFTUD2,0.973140931372549,0
EGF,0.97315737905695,0.801664648910412
EGFR,0.973173806609547,0.80178463399879
EHMT1,0.957277327935223,0.523502949852507
EID3,0.936051446945338,0.619315357561547
EIF1,0.860101167315175,0.000715867158671587
EIF1AX,0.860593023255814,0
EIF2AK2,0.936141252006421,0.72218112244898
EIF2S1,0.936230769230769,0
EIF2S2,0.943968232044199,0
EIF2S3,0.944035862068966,0
EIF3A,0.97028464673913,0
EIF3B,0.957315470171891,0
EIF3C,0.883187898089172,0
EIF3D,0.957353535353535,0
EIF3E,0.93632,0
EIF3F,0.927316573556797,0
EIF3G,0.81839896373057,0
EIF3H,0.936408945686901,0
EIF3I,0.957391523713421,0
EIF3K,0.883520634920635,0
EIF3L,0.961240253853128,0
EIF3M,0.819257731958763,0
EIF4A1,0.936497607655502,0
EIF4A2,0.243090909090909,0
EIF4A3,0.951176886792453,0
EIF4B,0.964604918032787,0
EIF4H,0.927434944237918,0.00607142857142857
EIF5B,0.581753246753247,0
EIF6,0.957429435483871,0.0772307692307692
ELN,0.037125,0.00409310344827586
ENAH,0.970304141208418,0.780313883299799
ENAM,0.957467270896274,0.653479233226837
ENG,0.951227326266196,0.678309970384995
ENOPH1,0.898845528455285,0.524188512518409
EOGT,0.936585987261147,0.619751756440281
EP300,0.973190214067278,0.801904474002418
EPAS1,0.944103305785124,0.580279792746114
EPHA2,0.973206601466993,0.761927272727273
EPN1,0.936674085850556,0.698453789279113
EPRS,0.973222968845449,0.722413763806287
EPS15,0.96463144963145,0.74445234375
EPS15L1,0.967533582089552,0.744649492583919
EPS8,0.951277647058824,0.524872058823529
ERBB2,0.973239316239316,0.80202416918429
ERBB3,0.973255643685174,0.802143719806763
ERBB4,0.970323609226594,0.802263126131563
EREG,0.757347517730496,0.273511363636364
ESCO1,0.936761904761905,0.698727608494922
ESCO2,0.944170563961486,0.722646010186757
ESPL1,0.967556301267711,0.762098837209302
ESR1,0.964657937806874,0.802382388419783
ESRP1,0.944237637362637,0.699000922509225
ESRP2,0.899089189189189,0.580811125485123
ETF1,0.961271739130435,0
ETS1,0.22725,0.0540672782874618
EVC,0.927552875695733,0.699273732718894
EVC2,0.967578986587183,0.744846333853354
EXOC5,0.951327849588719,0.525553597650514
EXOSC10,0.973271951219512,0.0195598705501618
EXT1,0.970343050847458,0.802501506931887
EZH1,0.973288238878732,0.780460455764075
EZH2,0.973304506699147,0.802620481927711
FABP7,0.78662962962963,0.377947674418605
FAM58A,0.914796875,0.492797169811321
FAU,0.89933153638814,0
FBL,0.92767037037037,0
FBLIM1,0.964684382665576,0.699546040515654
FBLN5,0.967601638123604,0.745042868277475
FBN1,0.973320754716981,0.802739313666466
FBN2,0.97333698296837,0.802858002406739
FBXW11,0.944304526748971,0.72287786259542
FCF1,0.936849445324881,0
FDFT1,0.961303167420814,0.723109322033898
FGF1,0.842151111111111,0.526233137829912
FGF10,0.944371232876712,0.620187134502924
FGF16,0.861081081081081,0.441276041666667
FGF19,0.961334538878843,0.678621301775148
FGF2,0.961365853658537,0.723340389500423
FGF20,0.961397111913357,0.581341085271318
FGF21,0.957505030181086,0.551886426592798
FGF23,0.883851265822785,0.678932019704434
FGF4,0.944437756497948,0.679242125984252
FGF6,0.964710784313725,0.699817847286109
FGF8,0.964737142857143,0.745239096573209
FGF9,0.957542713567839,0.581869677419355
FGFR1,0.973353191489362,0.802976548406494
FGFR1OP2,0.944504098360656,0.526910688140556
FGFR2,0.973369380315917,0.803094951923077
FGFR3,0.97338554948391,0.803213213213213
FGFR4,0.842787610619469,0.379121856866538
FGR,0.961428313796213,0.780606831882116
FIG4,0.533985074626866,0.139508152173913
FKBP1A,0.957580321285141,0.442221837088388
FKRP,0.973401699029126,0.803331332533013
FKTN,0.957617853560682,0.762270152505447
FLNA,0.973417828987265,0.803449310137972
FLNB,0.973433939393939,0.803567146282974
FLT1,0.970362466124661,0.780753012048193
FLT3,0.970381855111713,0.7624412191582
FMOD,0.944570259208731,0.312961373390558
FN1,0.973450030284676,0.780898996655518
FNBP1,0.927787430683919,0.620621495327103
FNBP1L,0.9513779342723,0.762612037708484
FOS,0.899572580645161,0.621054842473746
FOXC1,0.615211764705882,0.186115089514066
FOXC2,0.970401217861976,0.803684841222289
FOXD3,0.967624255952381,0.781044786096257
FOXH1,0.973466101694915,0.781190380761523
FOXJ1,0.970420554428668,0.781335781041389
FOXK1,0.973482153660012,0.803802395209581
FOXK2,0.75893661971831,0.380291505791506
FOXM1,0.686392523364486,0.287661469933185
FOXO1,0.967646840148699,0.803919808497905
FOXO3,0.973498186215236,0.804037081339713
FOXO4,0.97351419939577,0.781480987324883
FREM2,0.899812332439678,0.527586257309941
FRK,0.961459459459459,0.700089154411765
FRS2,0.951427901524033,0.443164359861592
FRS3,0.93693670886076,0.552492392807746
FSTL1,0.900050802139037,0.582396907216495
FTCD,0.957655310621243,0.80415421398685
FTO,0.970439864864865,0.700359963269054
FURIN,0.970459149223498,0.781626
FUZ,0.92790405904059,0.621487179487179
FYB,0.900288,0.528259854014599
FYN,0.967669390787519,0.679551622418879
FZD2,0.973530193236715,0.804271206690562
FZD4,0.967691907943578,0.653840425531915
FZD5,0.970478407557355,0.781770819453698
FZD6,0.967714391691395,0.804388059701493
FZD7,0.973546167773084,0.781915446071904
GAB1,0.95147775175644,0.654200850159405
GAB2,0.937023696682464,0.700630275229358
GAK,0.973562123039807,0.782059880239521
GAPDH,0.937110410094637,0.58292277992278
GART,0.970497639919083,0.782204122340425
GAS1,0.937196850393701,0.493574568288854
GATA1,0.967736842105263,0.762782608695652
GATA2,0.97357805907173,0.80450477326969
GATA3,0.691715596330275,0.409215073529412
GATA4,0.937283018867924,0.528931486880466
GATA5,0.970516846361186,0.782348172757475
GATA6,0.007125,0.000567164179104478
GATAD2A,0.957692692692693,0.65456050955414
GATAD2B,0.961490549054905,0.654919406150583
GBE1,0.970536026936027,0.762952932657495
GC,0.443826923076923,0.10451566951567
GCG,0.843418502202643,0.494349529780564
GDF1,0.951527485380117,0.655277542372881
GDF2,0.964763458401305,0.700900091659028
GIP,0.675281553398058,0.275111111111111
GJA1,0.539161764705882,0.129154269972452
GLCE,0.951577102803738,0.529601164483261
GLI1,0.967759259259259,0.763123010130246
GLI2,0.973593975903614,0.804621347644603
GLI3,0.970555181695828,0.804737783075089
GNA13,0.961521582733813,0.76329284164859
GNAQ,0.967781643227239,0.763462427745665
GNB2L1,0.944636239782016,0
GNPAT,0.563657534246575,0.143635135135135
GOLM1,0.937368916797488,0.4951220657277
GP1BA,0.914964365256125,0.583447300771208
GPBAR1,0.017,0.0023556338028169
GPC1,0.9615525606469,0.553096685082873
GPC2,0.951626604434072,0.444103626943005
GPC3,0.96780399408284,0.410273394495413
GPC4,0.964789731051345,0.4958921875
GPC5,0.944702040816326,0.655634920634921
GPC6,0.951675990675991,0.745435019455253
GRAP2,0.944767663043478,0.745630637636081
GRB2,0.944833107191316,0.335190871369295
GSK3B,0.915131111111111,0.723571065989848
GSPT1,0.95773,0
GSPT2,0.964815960912052,0.000613382899628253
GTF2B,0.760503496503496,0.530268895348837
H2AFZ,0.94489837398374,0.621918509895227
H3F3A,0.820107692307692,0.622348837209302
H3F3B,0.900523936170213,0.679860510805501
H3F3C,0.844043859649123,0.352218181818182
HAND1,0.97057431069267,0.763631768953069
HAND2,0.95172526193248,0.745825951825952
HCCS,0.944963464140731,0.655991543340381
HCFC1,0.973609873570138,0.80485407980941
HCK,0.967826311899483,0.701169413919414
HDAC1,0.973625752105897,0.656347412882788
HDAC11,0.951774418604651,0.70143824336688
HDAC2,0.961583482944345,0.72380135249366
HDAC3,0.964842148087876,0.72403125
HDAC4,0.967848596750369,0.804970238095238
HDAC5,0.961614349775785,0.78249203187251
HDAC6,0.967870848708487,0.782635700066357
HDAC8,0.967893067846608,0.724260759493671
HDAC9,0.970593413978495,0.805086258179655
HEATR1,0.970612491605104,0
HECTD1,0.9736416115454,0.805202140309156
HES1,0.900758620689655,0.680168792934249
HES5,0.928020257826888,0.553699310344828
HEY1,0.884179810725552,0.724489881956155
HEY2,0.272514285714286,0.0519907975460123
HEYL,0.951823461091754,0.381456647398844
HGF,0.970631543624161,0.805317884729649
HHAT,0.91529711751663,0.65670253164557
HHIP,0.385711111111111,0.100386819484241
HIF1A,0.967915254237288,0.657056902002108
HIF3A,0.945028378378378,0.622778164924506
HIP1R,0.961645161290323,0.724718618365628
HIST1H2BA,0.787840490797546,0.554300275482094
HIST1H3A,0.961675917636526,0.353491935483871
HIST1H3C,0.900992063492064,0.496659906396256
HIST1H3D,0.915462389380531,0.680476470588235
HIST1H3E,0.937454545454545,0.354760563380282
HIST1H4A,0.928136029411765,0.411327838827839
HIST2H2AC,0.861565384615385,0.530934687953556
HIST2H2BE,0.820948979591837,0.258795823665893
HIST2H3A,0.762048611111111,0.222082926829268
HIST2H3C,0.844663755458515,0.216560196560197
HIST2H3D,0.884506289308176,0.21840931372549
HIST2H3PS2,0.901224274406332,0.212846913580247
HIST3H3,0.862045977011494,0.295290748898678
HIST4H4,0.901455263157895,0.314394004282655
HMGA2,0.763572413793103,0.250356807511737
HMGB1,0.928251376146789,0.583970474967908
HMGCS1,0.973657451923077,0.763800865800866
HNF1A,0.973673273273273,0.782779177718833
HNF4A,0.694309090909091,0.214704433497537
HNRNPA0,0.951872389791183,0.0050513698630137
HNRNPA1,0.951921205098494,0
HNRNPA2B1,0.964868292682927,0
HNRNPA3,0.951969907407407,0.00214487632508834
HNRNPC,0.9283663003663,0
HNRNPD,0.937539906103286,0.0378150470219436
HNRNPF,0.821781725888325,0.000412878787878788
HNRNPH1,0.952018497109827,6.47773279352227e-05
HNRNPH2,0.862522900763359,0.0282802547770701
HNRNPK,0.298918918918919,0
HNRNPL,0.952066974595843,0.000662962962962963
HNRNPM,0.964894394800975,0
HNRNPR,0.952115340253749,0
HNRNPU,0.964920454545454,0.00116606498194946
HNRNPUL1,0.967937407952872,0.356024096385542
HOXA1,0.952163594470046,0.657410526315789
HOXB1,0.964946472019465,0.763969718817592
HPRT1,0.961706618962433,0.782922465208748
HPX,0.945093117408907,0.657763406940063
HRAS,0.952211737629459,0.296797802197802
HS6ST2,0.957767232767233,0.701706581352834
HSD11B2,0.967959529065489,0.680783545543585
HSD17B4,0.973689075630252,0.764138328530259
HSD17B7,0.957804391217565,0.72494696969697
HSD3B1,0.96173726541555,0.701974429223744
HSD3B2,0.952259770114943,0.702241788321168
HSF1,0.967981617647059,0.725174936921783
HSP90AA1,0.945157681940701,0.681090019569472
HSPB11,0.945222072678331,0.623206496519721
HSPG2,0.973704859028194,0.805433491686461
HTT,0.973720623501199,0.805548961424332
HUWE1,0.973736369083283,0.805664294187426
IDI1,0.915626931567329,0.584492307692308
IFT122,0.973752095808383,0.805779490219324
IFT140,0.973767803710353,0.805894549763033
IFT172,0.973783492822967,0.806009473060983
IFT20,0.789036585365854,0.585012804097311
IFT27,0.765075342465753,0.554899587345254
IFT43,0.845278260869565,0.531598550724638
IFT46,0.901685039370079,0.357282565130261
IFT52,0.915790748898678,0.585531969309463
IFT57,0.928480804387569,0.555497252747253
IFT74,0.952307692307692,0.623633835457706
IFT80,0.96497244732577,0.681395894428153
IFT81,0.964998380566802,0.681701171875
IFT88,0.97065057008719,0.764306695464363
IGF1,0.928594890510949,0.702508659981768
IGF1R,0.968003673769287,0.682005853658537
IGF2,0.952355504587156,0.725402521008403
IGFBP3,0.790218181818182,0.624060185185185
IKBKB,0.96502427184466,0.746020962732919
IKBKG,0.884830721003135,0.682309941520468
IL1R1,0.961767857142857,0.445039655172414
IL2,0.915953846153846,0.298298245614035
IL3,0.791385542168675,0.624485549132948
IL37,0.845887445887446,0.358536
IL6,0.822606060606061,0.359784431137725
IL6ST,0.961798394290812,0.682613437195716
IMP3,0.701823008849558,0
IMP4,0.937625,0
IMPDH2,0.973799163179916,0.764474820143885
INCENP,0.945286290322581,0.624909930715935
ING5,0.928708561020036,0.586049808429119
INHBA,0.862996197718631,0.725629722921914
INHBB,0.95784147557328,0.764642703091301
INPP4B,0.94535033557047,0.783065562913907
INPP5D,0.973814814814815,0.806124260355029
INPP5E,0.885153125,0.532260492040521
INPPL1,0.973830447761194,0.806238911886458
INS,0.965050121261116,0.532920520231214
INSR,0.973846062052506,0.806353427895981
INTU,0.957878486055777,0.533578643578644
INVS,0.957915422885572,0.764810344827586
IPMK,0.916116228070175,0.49742523364486
IQCB1,0.420714285714286,0.106568181818182
IQCE,0.945414209115282,0.586566326530612
IQGAP1,0.823422110552764,0.260460648148148
IRAK1,0.965075928917609,0.783208471211118
IRAK2,0.957952286282306,0.702775045537341
IRF3,0.973861657722123,0.746215671062839
IRF7,0.970669571045576,0.806467808623745
IRS1,0.965101694915254,0.806582054309327
IRX5,0.952403207331042,0.703040946314832
ISPD,0.952450800915332,0.764977745872218
ITCH,0.970688546550569,0.78335119047619
ITGA2,0.965127419354839,0.765144906743185
ITGA2B,0.973877234803337,0.80669616519174
ITGA6,0.968025697503671,0.783493721083939
ITGB1,0.973892793329363,0.78363606340819
ITGB2,0.973908333333333,0.806810141509434
ITGB3,0.973923854848305,0.783778217821782
ITGB7,0.973939357907253,0.806923983500295
ITK,0.973954842543078,0.765311827956989
ITPA,0.957989076464747,0.534234870317003
ITPKB,0.952498285714286,0.725856543624161
ITSN1,0.973970308788599,0.807037691401649
ITSN2,0.114538461538462,0.0228263665594855
JAG1,0.640804347826087,0.18019587628866
JAG2,0.973985756676558,0.807151265450265
JAK1,0.97400118623962,0.78392018469657
JAK2,0.97070749665328,0.784061964403428
JAK3,0.974016597510373,0.807264705882353
JUN,0.928821818181818,0.239980952380952
JUNB,0.846491379310345,0.412378427787934
KANSL1,0.4287,0.11269014084507
KANSL2,0.952545662100457,0.682916342412451
KANSL3,0.885473520249221,0.625333333333333
KAT2A,0.945477911646586,0.765478510028653
KAT2B,0.952592930444698,0.74641007751938
KAT5,0.945541443850267,0.658115546218487
KAT6B,0.968047688921497,0.784203557312253
KAT8,0.945604806408545,0.683218658892128
KCNJ11,0.965153102336825,0.703306363636364
KCNJ8,0.647585106382979,0.190015267175573
KCTD1,0.974031990521327,0.807378012933568
KCTD15,0.928934664246824,0.746604182804028
KDM1A,0.974047365304914,0.784344963791968
KDM2B,0.974062721893491,0.784486184210526
KDM5B,0.0662380952380952,0.00784175084175084
KDM6A,0.974078060319338,0.784627218934911
KDR,0.970726421404682,0.784768068331143
KIAA1549,0.970745320855615,0.625755760368664
KIF17,0.97076419505678,0.807491186839013
KIF24,0.974093380614657,0.746797987616099
KIF3A,0.968069648093842,0.765644953471725
KIF3B,0.974108682811577,0.726082984073764
KIF7,0.974123966942149,0.807604227833235
KIFAP3,0.885791925465839,0.626177215189873
KIT,0.974139233038348,0.807717136150235
KLB,0.968091575091575,0.765811158798283
KLF4,0.174275862068966,0.0339842271293375
KMT2A,0.974154481132075,0.80782991202346
KMT2C,0.974169711255156,0.807942555685815
KMT2D,0,0
KRAS,0.958025793650794,0.299792122538293
KRR1,0.886108359133127,0
KSR1,0.958062438057483,0.765977126518942
KSR2,0.689074074074074,0.241729216152019
LAMTOR2,0.766557823129252,0.413425182481752
LAMTOR3,0.792538922155689,0.276703619909502
LAT,0.952640091116173,0.336532091097308
LAT2,0.886422839506173,0.498188180404355
LATS1,0.965178743961353,0.746991492652746
LBR,0.97418492343934,0.808055067369654
LCK,0.970783044058745,0.658466946484785
LCP2,0.961828877005348,0.747184698608964
LDLRAP1,0.929047101449275,0.658817610062893
LEF1,0.968113469985359,0.766142857142857
LEFTY1,0.929159132007233,0.703571298819255
LEFTY2,0.847090128755365,0.626597701149425
LFNG,0.965204344328238,0.659167539267016
LGALS3,0.916277899343545,0.534889208633094
LIN28A,0.82423,0.382617307692308
LOX,0.901913612565445,0.556093278463649
LOXL1,0.916438864628821,0.627017221584386
LOXL2,0.965229903536978,0.76630835117773
LOXL3,0.961859305431879,0.747377606177606
LOXL4,0.945668,0.726309045226131
LRIG1,0.965255421686747,0.747570216049383
LRP1,0.974200117716304,0.808167447306791
LRP2,0.974215294117647,0.808279695728496
LRP5,0.974230452674897,0.808391812865497
LRPAP1,0.916599128540305,0.556687671232877
LSM3,0.902140992167102,0
LSM4,0.929270758122744,0
LSM5,0.825029850746269,0
LSM6,0.728536,2.10084033613445e-05
LSM7,0.929381981981982,2.51046025104603e-05
LSS,0.965280898876404,0.808503798947984
LTBP1,0.974245593419506,0.808615654205607
LTBP4,0.974260716382854,0.808727378867484
LTN1,0.970801867911941,0.784908732764281
LTV1,0.929492805755396,0
LUM,0.916758695652174,0.58708152866242
LYN,0.968135332845647,0.535541666666667
LZTFL1,0.929603231597846,0.361027888446215
MAD1L1,0.965306335204491,0.587595419847328
MAD2L1,0.952687144482366,0.414468123861567
MAGOHB,0.937709828393136,7.25806451612903e-05
MALT1,0.937794392523364,0.498948757763975
MAML1,0.945731025299601,0.445972461273666
MAML2,0.961889679715302,0.726534728033473
MAML3,0.965331730769231,0.627435779816514
MAP2K1,0.96192,0.766473609129815
MAP2K2,0.96815716374269,0.588108005082592
MAP2K3,0.965357085668535,0.747762528912876
MAP2K4,0.916917570498915,0.627853379152348
MAP2K6,0.95809900990099,0.747954545454545
MAP3K1,0.96817896274653,0.76663863150392
MAP3K3,0.464818181818182,0.0899186046511628
MAP3K7,0.9653824,0.683520388349515
MAP3K8,0.945793882978723,0.659516736401674
MAPK1,0.9023671875,0.229333333333333
MAPK11,0.952734090909091,0.383773512476008
MAPK12,0.825821782178218,0.683821532492725
MAPK14,0.886735384615385,0.301279475982533
MAPK3,0.958135509396637,0.384925287356322
MAPK8,0.970820666666667,0.766803418803419
MAPKAP1,0.952780930760499,0.684122093023256
MAPKAPK2,0.945856573705179,0.588619289340102
MAST2,0.970839440373085,0.808838973162194
MAU2,0.945919098143236,0.703835753176044
MAX,0.965407673860911,0.726760033444816
MBD2,0.974275821596244,0.808950437317784
MBD3,0.974290909090909,0.766967971530249
MCHR1,0.937878693623639,0.684422071636012
MCRS1,0.96195026642984,0.704099728014506
MDC1,0.863465909090909,0.44690206185567
MDM2,0.917075757575758,0.201553884711779
MEAF6,0.958171936758893,0.557280437756498
MED1,0.952827664399093,0.704363224637681
MED10,0.887046012269939,0.58912927756654
MED11,0.887354740061162,0.337867768595041
MED12,0.974305978898007,0.785049212598425
MED12L,0.970858189081225,0.809061771561772
MED13,0.974321031048623,0.809172976121141
MED13L,0.974336065573771,0.767132290184922
MED14,0.968200729927007,0.809284051222351
MED15,0.95287429218573,0.589637974683544
MED16,0.902592207792208,0.628270022883295
MED17,0.937962732919255,0.659865203761756
MED18,0.917233261339093,0.53619225251076
MED19,0.793678571428571,0.536840974212034
MED20,0.13462962962963,0.039821875
MED21,0.73637984496124,0.557871584699454
MED22,0.945981456953642,0.447828473413379
MED23,0.970876912840985,0.809394997091332
MED24,0.929713261648745,0.767296375266524
MED25,0.970895611702128,0.809505813953488
MED26,0.887661585365854,0.590145385587863
MED27,0.826605911330049,0.386072657743786
MED28,0.794804733727811,0.448751712328767
MED29,0.902816062176166,0.628685714285714
MED30,0.903038759689923,0.362266401590457
MED31,0.952920814479638,0.537487839771102
MED4,0.917390086206897,0.499706976744186
MED6,0.938046511627907,0.704626244343891
MED7,0.958208292201382,0.500462848297214
MED8,0.90326030927835,0.590651515151515
MED9,0.863932075471698,0.387215648854962
MEF2A,0.958244575936884,0.748146266358737
MEF2C,0.965432907348243,0.785189508196721
MEF2D,0.961980479148181,0.767460227272727
MEGF8,0.968222465353756,0.785329619921363
MEN1,0.974351082504389,0.809616502033701
MET,0.970914285714286,0.785469548133595
MFAP1,0.962010638297872,0.00454982817869416
MFAP2,0.91754623655914,0.315820512820513
MFAP5,0.917701716738197,0.415507272727273
MFNG,0.95828078817734,0.726984962406015
MGP,0.887966565349544,0.416542649727768
MIB1,0.965458100558659,0.80972706155633
MID1,0.962040744021258,0.704888788426763
MKKS,0.965483253588517,0.785609293193717
MKL1,0.965508366533865,0.785748855461086
MKS1,0.96824416909621,0.727209515859766
MLLT4,0.968265841223598,0.785888235294118
MLST8,0.938130030959752,0.629100456621005
MMP1,0.795917647058824,0.417574275362319
MMP13,0.946043650793651,0.727433694745621
MMP2,0.9298228980322,0.660212943632568
MMP21,0.929932142857143,0.449671794871795
MMP3,0.952967231638418,0.558461118690314
MMP7,0.946105680317041,0.450588737201365
MMP9,0.965533439490446,0.7276575
MPHOSPH10,0.970932934926959,0
MRAS,0.323153846153846,0.07513353115727
MRPL12,0.903480719794345,0.262117782909931
MRPL13,0.9037,0.191956852791878
MRPL17,0.917856531049251,0.0856959064327485
MRPL36,0.888269696969697,0.0962161383285303
MRPS10,0.946167546174142,0.166178477690289
MRPS12,0.847683760683761,0.205346633416459
MRPS7,0.918010683760684,0.00107608695652174
MRPS9,0.962070796460177,0.155997340425532
MRTO4,0.848272340425532,0.0499046153846154
MSH6,0.974366081871345,0.786027433050294
MSMO1,0.953013544018059,0.559049046321526
MSTN,0.946229249011858,0.727880932556203
MTA1,0.968287481804949,0.767623846699787
MTA2,0.965558472553699,0.705150858175248
MTA3,0.974381063705435,0.728103993344426
MTAP,0.958316929133858,0.767787234042553
MTHFD1,0.970951559389515,0.728326683291771
MTHFD1L,0.958352999016716,0.728549003322259
MTHFD2,0.918164179104478,0.705412454873646
MTHFD2L,0.946290789473684,0.418602169981917
MTOR,0.974396028037383,0.786166449086162
MTRR,0.96558346581876,0.728770954356846
MYB,0.958388998035363,0.660559958289885
MYBPC3,0.97441097489784,0.809837492745212
MYC,0.962100795755968,0.388354285714286
MYD88,0.953059751972943,0.55963537414966
MYH10,0.974425904317386,0.809947795823666
MYH6,0.528818181818182,0.120883008356546
MYH7,0.974440816326531,0.810057971014493
MYH9,0.974455710955711,0.810168018539977
MYL1,0.95842492639843,0.62951425313569
MYL12B,0.946352168199737,0.560220108695652
MYL2,0.286027777777778,0.0709164179104478
MYL3,0.953105855855856,0.629927107061503
MYL4,0.953151856017998,0.538132857142857
MYL6,0.930040998217469,0.728992537313433
MYL6B,0.946413385826772,0.684721470019342
MYL9,0.946474442988204,0.685020289855072
MYLK,0.974470588235294,0.810277938621888
MYOD1,0.968309090909091,0.748337692307692
MYOF,0.974485448195576,0.810387731481481
NAA38,0.827382352941176,2.91666666666667e-05
NANOG,0.946535340314136,0.591156368221942
NAT8,0.76802027027027,0.451502555366269
NCAM1,0.968330668604651,0.810497397339503
NCBP1,0.96213074204947,8.03212851405622e-05
NCBP2,0.946596078431373,0.000103585657370518
NCK1,0.953197752808989,0.452413265306122
NCOA1,0.965608419380461,0.767950389794472
NCOA2,0.958460784313726,0.560803256445047
NCOA3,0.970970159151194,0.705673579801623
NCOA6,0.95324354657688,0.66090625
NCOR1,0.974500290866783,0.810606936416185
NCOR2,0.968352214960058,0.786305283757339
NCSTN,0.968373730043541,0.786443937418514
NDC80,0.903918158567775,0.591659949622166
NDST1,0.968395213923133,0.748528823981553
NDST2,0.9709887342611,0.768113314447592
NDST3,0.965633333333333,0.705934234234234
NDUFA4,0.938213292117465,0.453320882852292
NEB,0.97451511627907,0.810716348931254
NECAP2,0.953289237668161,0.706194419441944
NEDD1,0.930149466192171,0.661251821019771
NEDD4,0.974529924462522,0.810825635103926
NEDD4L,0.974544715447154,0.786582410423453
NEDD8,0.864394736842105,0.454225423728814
NEK1,0.971007284768212,0.786720703125
NEK8,0.968416666666667,0.786858815875081
NEURL1,0.96565820777161,0.685318532818533
NEURL1B,0.953334826427772,0.685616200578592
NF1,0.974559489262913,0.748719662058372
NFATC2,0.61906976744186,0.16819109947644
NFATC4,0.971025810721377,0.748910207214121
NFKB1,0.958496571988247,0.768276008492569
NIFK,0.86485393258427,0.0153725490196078
NIPBL,0.974574245939675,0.810934795152914
NKX2-5,0.965683042789223,0.749100460122699
NKX2-6,0.930257548845471,0.786996749024708
NLK,0.95853228962818,0.4551269035533
NME1,0.938296296296296,0.592162264150943
NME8,0.958567937438905,0.729213753106877
NOB1,0.828151219512195,0
NOC4L,0.962160635481024,0
NODAL,0.962190476190476,0.729434602649007
NOG,0.974588985507246,0.787134502923977
NOL6,0.968438088341781,0
NOP14,0.953380313199105,0
NOP56,0.96570783847981,0
NOP58,0.962220264317181,0
NOTCH1,0.0465555555555556,0.00258245614035088
NOTCH2,0.971044312169312,0.811043829296424
NOTCH3,0.974603707995365,0.811152737752161
NOTCH4,0.946656657963446,0.685913294797688
NOTUM,0.946717079530639,0.729655086848635
NPAS2,0.958603515625,0.72987520661157
NPHP1,0.965732594936709,0.749290421455939
NPHP3,0.96225,0.787272077922078
NPHP4,0.9746184134337,0.811261520737327
NPPA,0.904135204081633,0.630339021615472
NR2C2,0.974633101851852,0.811370178468624
NR2F2,0.974647773279352,0.787409474367294
NR3C1,0.974662427745665,0.730094962840628
NRAS,0.93036524822695,0.2892
NRP1,0.974677065280185,0.811478711162255
NSA2,0.930472566371681,0.0835689149560117
NSD1,0.00855555555555556,0.000908759124087591
NSDHL,0.962279683377309,0.749480091883614
NSMCE2,0.888570996978852,0.317240938166311
NSMCE4A,0.888870481927711,0.538776034236805
NTRK1,0.97469168591224,0.749669472073451
NTRK2,0.971062789160608,0.811587119033927
NUF2,0.865309701492537,0.419626353790614
NUMB,0.965757312252964,0.686209817131858
NUMBL,0.904351145038168,0.706454136690647
NUP214,0.971081241743725,0.787546692607004
OBFC1,0.918317021276596,0.389488593155894
OCRL,0.968459479015919,0.787683732987686
ODF2,0.953425698324022,0.787820595854922
OFD1,0.974706289671091,0.811695402298851
OGT,0.958639024390244,0.787957281553398
OMD,0.865762081784387,0.501216383307573
OTUD3,0.938379044684129,0.561384823848239
P4HB,0.866211111111111,0.561964817320704
PABPC1,0.953470982142857,0
PACSIN1,0.938461538461538,0.592663316582915
PACSIN2,0.889168168168168,0.661596673596674
PAFAH1B1,0.968480838756327,0.706713387241689
PAG1,0.904565989847716,0.3635
PAGR1,0.866656826568266,0.501967592592593
PAICS,0.958674463937622,0.63075
PAK1,0.968502167630058,0.631160045402951
PAK2,0.94677734375,0.243469194312796
PAQR3,0.930579505300353,0.76843847241867
PARP1,0.946837451235371,0.730314356435644
PAX6,0.971099669966997,0.81180356117174
PAXIP1,0.974720876585928,0.81191159586682
PBRM1,0.974735446685879,0.81201950659782
PBX1,0.946897402597403,0.539417378917379
PCGF1,0.938543778801843,0.593163111668758
PCM1,0.965781990521327,0.706972172351885
PCNT,0.97475,0.812127293577982
PCOLCE,0.21058064516129,0.0667147147147147
PCSK5,0.974764536557283,0.788093790426908
PDCD1,0.938625766871166,0.502716486902928
PDCD11,0.968523465703971,0
PDCD1LG2,0.938707503828484,0.456025337837838
PDE2A,0.968544733044733,0.749858562691131
PDE6D,0.84885593220339,0.593661654135338
PDE6G,0.918469214437367,0.302760348583878
PDGFB,0.958709834469328,0.707230493273543
PDGFRA,0.968565969718818,0.788230122818358
PDGFRB,0.974779056386651,0.768600706713781
PDPK1,0.94695719844358,0.631569160997732
PDS5A,0.968587175792507,0.750047364400306
PDS5B,0.971118073878628,0.750235877862595
PEBP1,0.904779746835443,0.420646846846847
PELP1,0.938788990825688,0.812234957020057
PES1,0.962309314586995,0
PEX1,0.962338893766462,0.594158948685857
PEX10,0.953516164994426,0.730533388293487
PEX12,0.953561247216036,0.631977349943375
PEX13,0.968608351331893,0.661940809968847
PEX14,0.938870229007634,0.421663669064748
PEX19,0.730539682539683,0.662284232365145
PEX2,0.965806629834254,0.70748835125448
PEX26,0.968629496402878,0.812342497136312
PEX3,0.9306860670194,0.662626943005181
PEX5,0.965831230283912,0.812449914138523
PEX6,0.974793559516964,0.812557208237986
PEX7,0.968650611071172,0.768762711864407
PFAS,0.60319512195122,0.158045092838196
PFDN1,0.889464071856288,0.364728712871287
PFN1,0.938951219512195,0.594655
PFN2,0.968671695402299,0.562543243243243
PGAM1,0.947016839378238,0.595149812734082
PGM1,0.95874513618677,0.730752059308073
PHB,0.947076326002587,0.73097037037037
PHF10,0.965855791962175,0.731188322368421
PHF20,0.962368421052632,0.707745747538048
PHF5A,0.953606229143493,0
PHGDH,0.96588031496063,0.768924488355681
PHKB,0.974808045977011,0.812664379645512
PHKG2,0.947135658914729,0.686505769230769
PIAS3,0.958780369290573,0.595643391521197
PIAS4,0.849434599156118,0.632384615384615
PICALM,0.850008403361345,0.563120107962213
PIK3C3,0.968692749461594,0.769086036671368
PIK3CA,0.971136453526697,0.731405916187346
PIK3CB,0.971154808959157,0.788366279069768
PIK3CD,0.97482251579552,0.812771428571428
PIK3CG,0.965904799370574,0.788502259522272
PIK3R1,0.974836969001148,0.456920741989882
PIK3R2,0.968713773314204,0.769247357293869
PIK3R3,0.971173140223831,0.788638064516129
PIKFYVE,0.971191447368421,0.769408450704225
PITX2,0.97485140562249,0.73162315270936
PITX3,0.96873476702509,0.750424103737605
PKD1,0.968755730659026,0.731840032813782
PKD1L1,0.968776664280601,0.812878355225585
PKD2,0.974865825688073,0.812985159817352
PKNOX1,0.9712097304405,0.788773694390716
PLAT,0.965929245283019,0.750612042682927
PLAUR,0.918620762711864,0.596135740971357
PLCE1,0.971227989487516,0.813091842555619
PLCG1,0.974880229226361,0.813198403648803
PLK1,0.904992424242424,0.33919793814433
PLK4,0.958815533980583,0.750799695354151
PLOD1,0.965953652788688,0.769569317382125
PLOD2,0.97489461626575,0.813304843304843
PLRG1,0.96879756795422,0
PLXNA1,0.974908986834573,0.788909149484536
PLXNA2,0.644225806451613,0.223907542579075
PLXNA3,0.968818441744103,0.769729957805907
PLXNA4,0.965978021978022,0.813411161731207
PLXND1,0.966002352941177,0.789044430135222
PML,0.953651111111111,0.632790960451977
PNO1,0.93903196347032,0
POFUT1,0.867099264705882,0.340522633744856
POFUT2,0.947194838709677,0.633196388261851
POGLUT1,0.930792253521127,0.42267684021544
POGZ,0.0015,0.000449056603773585
POLR2A,0.974923340961098,0.813517359134889
POLR2E,0.939112462006079,0.36595256916996
POMGNT1,0.971246224556796,0.789179536679537
POMK,0.95369589345172,0.633600901916573
POMT1,0.971264435695538,0.813623435722412
POU2F1,0.97128262295082,0.769890372452565
POU5F1,0.867538461538461,0.457813131313131
PPARA,0.654104166666667,0.210980198019802
PPARD,0.971300786369594,0.789314469453376
PPARG,0.947253865979381,0.789449228791774
PPARGC1A,0.947312741312741,0.634004504504505
PPAT,0.968839285714286,0.770050561797753
PPIB,0.930898066783831,0.596626865671642
PPIE,0.962397896581946,0.00174377224199288
PPIH,0.867974452554744,3.3195020746888e-05
PPIL1,0.9052040302267,0.000310344827586207
PPM1A,0.797017543859649,0.423686379928315
PPP1CA,0.94737146529563,0.708002683363149
PPP1CC,0.939192716236722,0.662968944099379
PPP2CA,0.953740576496674,0.290731707317073
PPP2R1A,0.962427320490368,0.563695417789757
PQBP1,0.366325581395349,0.0246314102564103
PRDM1,0.471375,0.0878104956268222
PRDM14,0.93100350877193,0.634407199100112
PRELP,0.947430038510911,0.564269179004038
PREX2,0.974937678673528,0.770210526315789
PRICKLE1,0.974952,0.813729391699829
PRKAA1,0.958850630455868,0.634808988764045
PRKAA2,0.489898305084746,0.108609065155807
PRKAB1,0.889758208955224,0.597116770186335
PRKACA,0.918771670190275,0.318655319148936
PRKCA,0.962456692913386,0.789583815028902
PRKCZ,0.966026645768025,0.708259159964254
PRMT5,0.96605090054816,0.458702521008403
PRPF19,0.962486013986014,0
PRPF3,0.97131892599869,0
PRPF31,0.968860099928622,3.71900826446281e-05
PRPF38A,0.495733333333333,0
PRPF4,0.962515283842795,0
PRPF40A,0.966075117370892,0.000156862745098039
PRPF6,0.968880884450785,0
PRPF8,0.974966304968589,0
PRR5,0.947488461538461,0.63520987654321
PRRT2,0.966099296325254,0.686801152737752
PSAT1,0.9661234375,0.687095969289827
PSEN1,0.962544502617801,0.770370266479663
PSEN2,0.974980593607306,0.813835227272727
PSENEN,0.91892194092827,0.503463076923077
PSIP1,0.962573670444638,0.708515178571429
PSKH1,0.947546734955186,0.504207373271889
PTBP1,0.953785160575858,0.000115079365079365
PTCH1,0.974994865944096,0.813940942646224
PTCH2,0.975009122006841,0.814046538024972
PTEN,0.0796086956521739,0.00853691275167785
PTK2,0.968901639344262,0.789718228498074
PTK2B,0.971337041884817,0.750987062404871
PTK7,0.958885658914729,0.751174144486692
PTPN11,0,0
PTPRC,0.968922364672365,0.789852469531751
PUF60,0.905414572864322,0.0180876623376623
PVR,0.939272727272727,0.687390220517737
PWP2,0.971355134074559,0
PXN,0.975023361823362,0.732056557377049
PYGB,0.975037585421412,0.814152013613159
PYGL,0.0531052631578947,0.00716891891891892
PYGM,0.975051792828685,0.814257369614512
QKI,0.850577405857741,0.597605459057072
RAB23,0.971373202614379,0.564841397849462
RAB3IP,0.919071578947368,0.565412080536913
RAB5A,0.931108581436077,0.708770740410348
RAB8A,0.968943060498221,0.709025846702317
RAC1,0.394978260869565,0.0624954682779456
RAC2,0.953829646017699,0.663310237849018
RAC3,0.851141666666667,0.635609865470852
RAD21,0.958920619554695,0.709280498664292
RAD21L1,0.947604859335038,0.663650826446281
RAD50,0.966147540983607,0.709534697508897
RAF1,0.00585714285714286,0.000484962406015038
RAI1,0.96896372688478,0.789986538461538
RALGDS,0.919220588235294,0.598092936802974
RAP1A,0.958955512572534,0.459588926174497
RAP1B,0.769463087248322,0.565981233243968
RAPGEF1,0.953874033149171,0.687683908045977
RAPGEF2,0.97506598407281,0.770529782761037
RARA,0.975080159181353,0.814362606232295
RASA1,0.660418367346939,0.18806887755102
RASA2,0.594825,0.160089947089947
RASGRF1,0.958990338164251,0.732272727272727
RASGRF2,0.975094318181818,0.790120435618193
RASGRP1,0.962602787456446,0.790254161331626
RASGRP2,0.959025096525096,0.636008958566629
RASGRP3,0.953918322295806,0.663990712074303
RASGRP4,0.968984363894812,0.709788444444444
RASSF1,0.953962513781698,0.732488543371522
RASSF5,0.905624060150376,0.390618595825427
RB1,0.971391247550621,0.814467723669309
RBBP4,0.931213286713287,0.460472361809045
RBBP5,0.959059787849566,0.566548862115127
RBBP7,0.962631853785901,0.598579207920792
RBFOX2,0.0028,0.000126482213438735
RBL1,0.975108461101647,0.790387715930902
RBM10,0.954006607929515,0.599064276885043
RBM17,0.919368972746331,0.0730267857142857
RBM22,0.919516736401674,0
RBP1,0.868407272727273,0.461352842809365
RBP4,0.954050605060506,0.770689075630252
RBPJ,0.962660869565217,0.770848145556333
RCL1,0.962689834926151,0
RCOR1,0.939352496217852,0.732704006541292
REC8,0.954094505494505,0.636407158836689
RELA,0.954138309549945,0.732919117647059
REPS1,0.91966388308977,0.504949386503067
RET,0.975122587968218,0.8145727221279
RFNG,0.890050595238095,0.540056899004267
RHEB,0.9058325,0.599548148148148
RHOA,0.906039900249377,0.238224343675418
RHOC,0.919810416666667,0.505689127105666
RICTOR,0.971409268929504,0.814677601809955
RIN1,0.939432024169184,0.600030826140567
RIOK1,0.931317626527051,0
RIOK2,0.96271875,0
RIPK1,0.959094412331406,0.771006993006993
RIPK2,0.868836956521739,0.506426605504587
RIT1,0.0266428571428571,0.00373356401384083
RIT2,0.95418201754386,0.636804469273743
RNF111,0.931421602787456,0.462230383973289
RNF126,0.919956340956341,0.463105
RNPC3,0.947662835249042,0.0264249201277955
RNPS1,0.931525217391304,0.00660338983050847
ROBO1,0.975136698808849,0.790521099744246
ROCK1,0.630247191011236,0.176204663212435
ROR2,0.97142726679713,0.771165618448637
RPGR,0.975150793650794,0.771324022346369
RPGRIP1,0.975164872521246,0.814782362916902
RPGRIP1L,0.971445241199478,0.814887005649717
RPL10,0.507193548387097,0
RPL10A,0.954225629791895,0
RPL10L,0.920101659751037,0
RPL11,0.947720663265306,0
RPL12,0.869263537906137,0
RPL13,0.939511312217195,0
RPL13A,0.770886666666667,0
RPL14,0.869687050359712,0
RPL15,0.954269146608315,0
RPL17,0.906246268656716,0
RPL17-C18ORF32,0.906451612903226,0
RPL18,0.939590361445783,0
RPL18A,0.939669172932331,0
RPL19,0.906655940594059,0
RPL21,0.906859259259259,0
RPL22,0.772291390728477,0
RPL22L1,0.798104651162791,0
RPL23,0.939747747747748,0
RPL23A,0.90706157635468,0
RPL24,0.87010752688172,0
RPL26,0.828912621359223,0
RPL26L1,0.829666666666667,0
RPL27,0.931628472222222,0
RPL27A,0.947778343949045,0
RPL28,0.920246376811594,0
RPL29,0.870525,0
RPL3,0.939826086956522,0
RPL30,0.939904191616766,0
RPL31,0.907262899262899,0
RPL32,0.851701244813278,0
RPL34,0.954312568306011,0
RPL35,0.890341246290801,0
RPL35A,0.890630177514793,0
RPL36,0.890917404129794,0
RPL36A,0.830413461538462,0
RPL36A-HNRNPH2,0.891202941176471,0.00052059925093633
RPL36AL,0.715823529411765,0
RPL37,0.907463235294118,0
RPL37A,0.870939501779359,0
RPL38,0.799179190751445,0
RPL39,0.831153110047847,0
RPL39L,0.891486803519062,0
RPL3L,0.954355895196506,0
RPL4,0.962747614917606,0
RPL41,0.800241379310345,0.424692307692308
RPL5,0.0418235294117647,0
RPL6,0.852256198347108,0
RPL7,0.871351063829787,0
RPL7A,0.93173136915078,0
RPL7L1,0.738269230769231,0.0582370820668693
RPL8,0.939982062780269,0
RPL9,0.954399127589967,0
RPLP0,0.966171606864275,0
RPLP1,0.85280658436214,0
RPLP2,0.907662591687042,0
RPN1,0.969004971590909,0
RPP38,0.920390495867769,0
RPS10,0.954442265795207,0
RPS10-NUDT3,0.940059701492537,0
RPS11,0.920534020618557,0
RPS12,0.871759717314488,0
RPS13,0.931833910034602,0
RPS14,0.954485310119695,0
RPS15,0.907860975609756,0
RPS15A,0.891769005847953,0
RPS16,0.93193609671848,0
RPS17L,0.740129770992366,0
RPS18,0.872165492957746,0
RPS19,0.908058394160584,0
RPS2,0.97146319218241,0
RPS20,0.969025550035486,0
RPS21,0.801291428571429,0
RPS23,0.92067695473251,0
RPS24,0.954528260869565,0
RPS25,0.853352459016393,0
RPS26,0.959128970163619,0
RPS27,0.872568421052632,0
RPS27A,0.892049562682216,0
RPS27L,0.872968531468531,0
RPS28,0.892328488372093,0
RPS29,0.773677631578947,0
RPS3,0.873365853658537,0
RPS3A,0.85389387755102,0
RPS4X,0.95457111834962,0
RPS5,0.959163461538462,0
RPS6,0.892605797101449,0
RPS6KA1,0.51825,0.116789915966387
RPS6KA2,0.5728,0.135387978142077
RPS6KA3,0.96619563522993,0.710041740674956
RPS7,0.954613882863341,0
RPS8,0.954656554712893,0
RPS9,0.908254854368932,0
RPSA,0.932037931034483,0
RPTOR,0.966219626168224,0.790654313099042
RRAGA,0.451037735849057,0.0941184971098266
RRAGB,0.954699134199134,0.567114973262032
RRAGC,0.959197886647454,0.687977033492823
RRAGD,0.959232245681382,0.688269598470363
RRAS,0.932139414802065,0.637200892857143
RRAS2,0.932240549828179,0.507161832061069
RRP7A,0.802329545454545,0
RRP9,0.962776429809359,0
RSL24D1,0.932341337907376,0.0001796875
RSPH4A,0.932441780821918,0.710294587400177
RSPH9,0.93254188034188,0.507894817073171
RUNX1,0.971481119791667,0.790787356321839
RUNX2,0.975178935447339,0.771482205163992
RUNX3,0.97519298245614,0.790920229738354
RUVBL1,0.568283783783784,0.0646084337349398
RUVBL2,0.96904609929078,0.771640167364017
RXRA,0.669485148514851,0.197735516372796
S1PR1,0.932641638225256,0.463976705490849
SALL1,0.971499024072869,0.688561604584527
SALL4,0.940137108792847,0.75136094224924
SAMD11,0.0320666666666667,0.00340972222222222
SAP18,0.892881502890173,0.464845514950166
SART1,0.376113636363636,0
SC5D,0.947835877862595,0.751547456340167
SCLT1,0.940214285714286,0.664329896907216
SDC1,0.154785714285714,0.047858024691358
SDC2,0.920819301848049,0.263767281105991
SDC3,0.932741056218058,0.46571144278607
SDC4,0.92096106557377,0.425694642857143
SDCCAG8,0.932840136054422,0.710546985815603
SEC61A1,0.947893265565438,0
SEC61A2,0.969066619418852,0
SEC61B,0.908450363196126,0
SEC61G,0.947950507614213,0
SEMA3C,0.948007604562738,0.567679572763685
SEMA3E,0.948064556962025,0.600512315270936
SEMA4A,0.940291233283804,0.688853053435114
SERBP1,0.932938879456706,0.000202334630350195
SERPINE1,0.962805194805195,0.73313387755102
SERPINH1,0.611261904761905,0.170195822454308
SETBP1,0.975207013574661,0.814991530208921
SETD1A,0.975221028829847,0.815095936794582
SETD1B,0.975235028248588,0.815200225606317
SETDB1,0.975249011857708,0.815304396843292
SF1,0.959266538830297,0
SF3A1,0.959300766283525,0
SF3A2,0.921102249488753,0
SF3A3,0.971516905071521,0
SF3B1,0.908644927536232,0
SF3B2,0.962833910034602,0
SF3B3,0.959334928229665,0
SF3B4,0.908838554216867,0
SF3B5,0.831885714285714,0
SFN,0.940367952522255,0.600992619926199
SGOL1,0.948121365360303,0.568242666666667
SGOL2,0.94817803030303,0.689143946615825
SH2B2,0.948234552332913,0.664668383110196
SH3GL1,0.940444444444444,0.710798937112489
SH3GL2,0.948290931989924,0.637596432552954
SH3GL3,0.775045751633987,0.665006172839506
SH3KBP1,0.948347169811321,0.568804260985353
SH3PXD2B,0.959369024856597,0.637991091314031
SHC1,0.940520710059172,0.391744318181818
SHH,0.975262979683973,0.815408450704225
SHMT1,0.954741621621622,0.711050442477876
SHMT2,0.971534762833008,0.711301503094606
SHOC2,0.966243579766537,0.540694602272727
SIN3A,0.954784017278618,0.771797909407665
SIRPA,0.933037288135593,0.541330496453901
SKI,0.975276931754089,0.815512387387387
SKIL,0.969087110481586,0.815616207090602
SKIV2L2,0.969107572540693,0
SKP2,0.921242857142857,0.638384872080089
SLA2,0.940596750369276,0.320063694267516
SLC2A8,0.96286257562662,0.733348287112561
SLC9A3R1,0.921382892057027,0.541964589235127
SLC9A3R2,0.921522357723577,0.367171597633136
SLIT1,0.969128005657709,0.751733687405159
SLIT2,0.975290868094701,0.815719910011249
SLIT3,0.969148409893993,0.751919636087945
SLU7,0.962891191709845,4.11522633744856e-05
SMAD1,0.971552597402597,0.752105303030303
SMAD2,0.00433333333333333,0.000376425855513308
SMAD3,0.975304788732394,0.815823496346262
SMAD4,0.650873684210526,0.178204134366925
SMAD5,0.966267496111975,0.815926966292135
SMAD6,0.776396103896104,0.392865784499055
SMAD7,0.971570408825438,0.771955431754875
SMAD9,0.969168785310734,0.816030320044918
SMARCA2,0.975318693693694,0.816133557800224
SMARCA4,0.975332583005065,0.816236679753225
SMARCB1,0.966291375291375,0.772112734864301
SMARCC1,0.969189131968948,0.772269819193324
SMARCC2,0.962919758412424,0.772426685198054
SMARCD1,0.962948275862069,0.791052933673469
SMARCD2,0.921661257606491,0.791185468451243
SMARCD3,0.962976744186047,0.733562347188264
SMARCE1,0.940672566371681,0.689434285714286
SMC1A,0.975346456692913,0.816339686098655
SMC1B,0.975360314783586,0.816442577030812
SMC3,0.975374157303371,0.816545352743561
SMC4,0.975387984278495,0.772583333333333
SMC5,0.969209449929478,0.791317834394904
SMC6,0.95940305635148,0.733776058631922
SMO,0.969229739252995,0.81664801343033
SMOX,0.975401795735129,0.791450031826862
SMS,0.948403266331658,0.711552120141343
SMU1,0.948459222082811,0.00156071428571429
SMURF1,0.971588197146563,0.711802294792586
SMURF2,0.633822222222222,0.141555555555556
SNAP91,0.966315217391304,0.733989422294548
SNIP1,0.940748159057437,0.466574503311258
SNRNP200,0.975415591699383,0
SNRNP40,0.948515037593985,0
SNRNP70,0.963005163511188,0
SNRPA,0.873760416666667,0
SNRPA1,0.9217995951417,0
SNRPB,0.94857071339174,0
SNRPB2,0.966339022498061,0
SNRPC,0.741962121212121,0
SNRPD1,0.704245614035088,0
SNRPD2,0.874152249134948,0
SNRPD3,0.80335593220339,0
SNRPE,0.940823529411765,0
SNRPF,0.777729032258065,0
SNRPG,0.893155619596542,0
SNRPN,0.933135363790186,0
SNW1,0.96925,0
SNX17,0.921937373737374,0.638777777777778
SNX18,0.954826321467098,0.542596888260255
SNX9,0.94862625,0.665343268242549
SOCS3,0.954868534482759,0.467434710743802
SORBS1,0.971605962410888,0.712052028218695
SOS1,0.0139090909090909,0.00129136690647482
SOS2,0.975429372197309,0.816750559284116
SOX2,0.975443137254902,0.752290688872067
SOX9,0.975456886898096,0.791582061068702
SP1,0.948681647940075,0.304234782608696
SPARC,0.922074596774194,0.468292079207921
SPEN,0.97547062115277,0.752475794251135
SPOP,0.940898678414097,0.689724072312084
SPRED1,0.969270232230823,0.816852990497485
SPRY1,0.874541379310345,0.393983018867925
SPRY2,0.874927835051546,0.543227401129943
SPRY4,0.948736907730673,0.601471744471744
SPTBN1,0.966362790697674,0.752660619803477
SQLE,0.90903125,0.712301321585903
SRC,0.969290436005626,0.469146622734761
SREBF2,0.969310611384399,0.752845166163142
SRF,0.954910656620022,0.73420243902439
SRGAP1,0.954952688172043,0.772739764052741
SRGAP2,0.933233108108108,0.690013307984791
SRGAP3,0.94879202988792,0.734415109666937
SRP14,0.732511811023622,0
SRP19,0.779044871794872,0
SRP54,0.95499462943072,0
SRP68,0.948847014925373,0
SRP72,0.969330758426966,0.014216393442623
SRP9,0.696855855855856,0
SRPRB,0.804370786516854,0.0107043189368771
SRRM2,0.832611374407583,0
SRSF1,0.922211267605634,0
SRSF3,0.940973607038123,4.50819672131148e-05
SRSF4,0.955036480686695,0.122958333333333
SRSF6,0.969350877192983,0.000838827838827839
SRSF7,0.963033533963887,0.000137795275590551
SS18,0.89342816091954,0.543856135401975
SSTR3,0.94104831625183,0.734627435064935
STAG1,0.959437022900763,0.772895977808599
STAG2,0.549214285714286,0.151885026737968
STAG3,0.963061855670103,0.712550176056338
STAM,0.933330522765599,0.469998355263158
STAMBP,0.963090128755365,0.470847290640394
STAT1,0.971623704663212,0.791713922441195
STAT2,0.969370967741936,0.773051975051975
STAT3,0.969391030133146,0.81695530726257
STAT4,0.975484340044743,0.817057509771078
STAT5A,0.97164142394822,0.817159598214286
STAT5B,0.975498043599776,0.817261572783045
STIL,0.933427609427609,0.690301994301994
STK11,0.96941106442577,0.773207756232687
STK11IP,0.941122807017544,0.690590132827324
STK36,0.963118353344768,0.734839416058394
STRA6,0.969431070678796,0.773363321799308
STUB1,0.922347389558233,0.690877725118483
SUFU,0.969451048951049,0.735051053484603
SUGP1,0.959470924690181,0.278288939051919
SUMO1,0.718025,0.231125301204819
SUPT16H,0.975511731843575,0.791845616264295
SUPT3H,0.96638652207591,0.639169811320755
SUZ12,0.955078242229368,0.753029433962264
SYCP1,0.959504761904762,0.77351867219917
SYCP2,0.95953853472883,0.773673807878369
SYCP3,0.875311643835616,0.601949693251534
SYF2,0.948901863354037,0
SYK,0.971659120310479,0.773828729281768
SYNGAP1,0.971676793794441,0.773983436853002
SYNJ1,0.975525404801787,0.817363433667781
SYNJ2,0.9755390625,0.817465181058496
TAB1,0.941197080291971,0.569364361702128
TAB2,0.458037037037037,0.0438229813664596
TAB3,0.955119914346895,0.639560975609756
TBC1D32,0.959572243346008,0.691164772727273
TBC1D7,0.909223021582734,0.341841889117043
TBL3,0.955161497326203,0
TBP,0.955202991452991,0.426693404634581
TBX1,0.607253012048193,0.16212401055409
TBX20,0.969470999301188,0.774137931034483
TBX3,0.975552704963748,0.817566815144766
TBX5,0.0724545454545455,0.00923076923076923
TCAP,0.909413875598086,0.639951273532669
TCERG1,0.975566332218506,0.691451277199622
TCF12,0.512730158730159,0.127080110497238
TCF3,0.971694444444444,0.791977142857143
TCF4,0.963146529562982,0.753213423831071
TCF7,0.975579944289694,0.817668336115748
TCF7L1,0.975593541202673,0.817769744160178
TCF7L2,0.975607122982749,0.81787103946637
TCOF1,0.959605887939221,0.665679671457906
TCP1,0.959639468690702,0.774292212267402
TCTEX1D1,0.875692832764505,0.508625570776256
TCTEX1D2,0.933524369747899,0.640340707964602
TCTN1,0.969490921787709,0.735262348178138
TCTN2,0.963174657534247,0.817972222222222
TCTN3,0.963202737382378,0.75339713639789
TDGF1,0.95524439701174,0.640729281767956
TEK,0.971712072304713,0.818073292615214
TERT,0.975620689655172,0.818174250832408
TFAP2A,0.971729677419355,0.818275097060455
TFAP2B,0.975634241245136,0.818375831485588
TFAP2C,0.966410216718266,0.774446280991736
TFE3,0.403872340425532,0.11064406779661
TFIP11,0.955285714285714,0.0418255451713396
TGFB1,0.969510816468946,0.735473300970874
TGFB2,0.969530683403068,0.735683912691997
TGFB3,0.948956575682382,0.569922974767596
TGFBR1,0.969550522648084,0.735894184168013
TGFBR2,0.59053164556962,0.133315068493151
TGFBR3,0.966433874709977,0.691737240075614
TGFBRAP1,0.941271137026239,0.570480106100796
TGIF1,0.436372549019608,0.0920231884057971
THOC5,0.933620805369128,0.265409195402299
TIAM1,0.971747259832366,0.792108502538071
TIMELESS,0.966457496136012,0.712798592788039
TJP1,0.971764819587629,0.753580572289157
TLE1,0.963230769230769,0.666015384615385
TLL1,0.969570334261838,0.818476454293629
TLR3,0.966481081081081,0.666350409836066
TLR4,0.949011152416357,0.602426470588235
TMEM173,0.941344978165939,0.571035761589404
TMEM216,0.941418604651163,0.666684749232344
TMEM231,0.959672985781991,0.471693442622951
TMEM67,0.955326943556976,0.73610411622276
TMSB4X,0.933716917922948,0.667018404907975
TNC,0.971782356728912,0.792239695624604
TNF,0.720190082644628,0.225723300970874
TNFRSF14,0.909603818615752,0.571589947089947
TNFRSF1A,0.963258753202391,0.753763732129421
TNN,0.975647777777778,0.818576965669989
TNNC1,0.96650462962963,0.39509604519774
TNNC2,0.909792857142857,0.692022662889518
TNNI1,0.969590118302018,0.713046572934974
TNNI2,0.955368085106383,0.736313709677419
TNNI3,0.966528141865844,0.774600137646249
TNNT1,0.971799871299871,0.818677365799668
TNNT2,0.969609874826147,0.736522965350524
TNNT3,0.975661299278179,0.774753782668501
TNR,0.971817363344051,0.774907216494845
TOP2B,0.975674805771365,0.818777654867257
TP53,0.699357142857143,0.199645728643216
TP53BP1,0.969629603891591,0.713294117647059
TPM1,0.963286689419795,0.79237072243346
TPM2,0.969649305555556,0.792501583280557
TPM3,0.966551617873652,0.792632278481013
TPM4,0.969668979875087,0.753946616541353
TPT1,0.833330188679245,0.0210387096774194
TRA2B,0.893699140401146,0
TRADD,0.955409139213602,0.713541228070176
TRAF2,0.949065594059406,0.692307547169811
TRAF3IP1,0.959706439393939,0.66735137895812
TRAF6,0.963314578005115,0.713787905346188
TRIM32,0.963342419080068,0.71403415061296
TRIM33,0.922482965931864,0.736731884057971
TRIM56,0.941492017416546,0.692591894439208
TRIP10,0.922618,0.602902080783354
TRIP12,0.971834832904884,0.818877833056938
TRIP4,0.501491803278689,0.118837988826816
TSC1,0.477719298245614,0.0814323529411765
TSC2,0.975688297282307,0.818977900552486
TSC22D3,0.9338127090301,0.343155737704918
TSR1,0.959739829706717,0
TSR2,0.893968571428571,0.267043577981651
TTBK2,0.959773156899811,0.667683673469388
TTC21B,0.96657505773672,0.792762808349146
TTC26,0.963370212765957,0.714279965004375
TTC30A,0.966598461538462,0.754129226145755
TTC30B,0.941565217391304,0.692875706214689
TTC8,0.95980642115203,0.736940466613033
TTN,0.97570177383592,0.819077857537272
TTR,0.941638205499276,0.544483098591549
TUBA1A,0.97185228002569,0.81917770419426
TUBA1C,0.63732967032967,0.153941333333333
TUBA4A,0.971869704749679,0.737148713826367
TUBB2A,0.969688626907073,0.71452534965035
TUFM,0.955450106157113,0.209106699751861
TULP3,0.975715235457064,0.792893173198483
TWIST1,0.959839622641509,0.754311561561562
TXNL4A,0.959872761545712,4.89795918367347e-05
TYK2,0.971887107119949,0.819277440706012
U2AF2,0.949119901112484,0
UBA1,0.975728682170543,0.77506043956044
UBA52,0.92275249500998,0
UBB,0.941710982658959,0.268670480549199
UBC,0.622862068965517,0.12502216066482
UBE2A,0.894236467236467,0.279867117117117
UBE2B,0.258205882352941,0.0320759493670886
UBE2D1,0.805374301675978,0.292256637168142
UBE2D2,0.876071428571429,0.252058548009368
UBE2D3,0.959905838041431,0.427688612099644
UBE2E3,0.876447457627119,0.321466101694915
UBE2I,0.959938852304798,0.42868028419183
UBE2J1,0.909980997624703,0.737356626506024
UBE2K,0.949174074074074,0.429668439716312
UBE2M,0.95549098621421,0.430653097345133
UBE2N,0.949228113440197,0.193891139240506
UBE2S,0.922886454183267,0.431634275618375
UBE2U,0.876820945945946,0.396204887218045
UBE2V1,0.923019880715706,0.220249388753056
UBE2Z,0.955531779661017,0.714770305676856
UBE3A,0.959971804511278,0.754493623405851
UBE3C,0.960004694835681,0.754675412293853
UBE4A,0.963397959183673,0.693158984007526
UBR1,0.626590909090909,0.182177377892031
UBR2,0.971904487179487,0.775213452299245
UBR4,0.923152777777778,0.693441729323308
UBTF,0.975742114001107,0.819377067254686
UGP2,0.894502840909091,0.603376528117359
ULK3,0.955572486772487,0.693723943661972
UNC119B,0.95561310782241,0.668015290519878
UPF1,0.975755530973451,0.694005628517824
UPF2,0.966621829362029,0.164155263157895
UQCR11,0.780343949044586,0.47253682487725
UQCRFS1,0.949282019704433,0.603849816849817
UQCRQ,0.910168246445498,0.604321951219512
USP13,0.969708246708247,0.737564205457464
USP15,0.955653643083421,0.73777145148356
USP18,0.94178354978355,0.668346232179226
USP33,0.960037523452158,0.754856928838951
USP39,0.910354609929078,0.00142293906810036
USP6NL,0.963425658453696,0.737978365384615
USP7,0.966645161290323,0.668676500508647
USP9X,0.975768933112217,0.793023373341756
UST,0.94185590778098,0.509354103343465
UTP11L,0.955694092827004,0
UTP14A,0.923285148514852,0
UTP14C,0.923416996047431,0
UTP15,0.933908180300501,0
UTP18,0.934003333333333,0
UTP3,0.949335793357933,0
UTP6,0.894767705382436,0
VAC14,0.975782320441989,0.775366255144033
VANGL1,0.963453310696095,0.738184947958367
VANGL2,0.9757956929873,0.755038173652695
VAV1,0.975809050772627,0.793153409090909
VAV2,0.963480916030534,0.755219147344802
VCAN,0.975822393822394,0.819476584022038
VDR,0.971921844971172,0.793283280757098
VEGFA,0.955734457323498,0.641116997792494
VKORC1L1,0.966668457405986,0.694286785379569
WAS,0.806366666666667,0.2702899543379
WASF1,0.895031073446328,0.669006097560976
WASF2,0.934098169717138,0.60479293544458
WASF3,0.955774736842105,0.605262773722628
WASL,0.971939180537772,0.755399850523169
WBP11,0.963508474576271,0.694567415730337
WBP4,0.854430894308943,0.000224806201550388
WBSCR22,0.963535986452159,0.0123267326732673
WDR12,0.9341926910299,0
WDR19,0.97583572216097,0.793412988650694
WDR3,0.975849035812672,0
WDR34,0.955814931650894,0.775518848526388
WDR35,0.971956493921945,0.819575991189427
WDR36,0.97197378516624,0
WDR43,0.955855042016807,0
WDR46,0.877191919191919,0
WDR5,0.949389434889435,0.641503858875413
WDR60,0.960070290534208,0.775671232876712
WDR75,0.955895068205666,0
WIPF1,0.941928057553957,0.64188986784141
WNT3A,0.95593501048218,0.793542533081286
WNT5A,0.96972783933518,0.819675288937809
WWP2,0.971991054313099,0.819774477447745
WWTR1,0.193,0.0458173374613003
XAB2,0.960102996254682,0
XIAP,0.412395833333333,0.079330383480826
YEATS4,0.895292957746479,0.572142668428005
YES1,0.960135640785781,0.7383912
YWHAB,0.942,0.64227502750275
YWHAE,0.895553370786517,0.545108298171589
YWHAG,0.96356345177665,0.572693931398417
YWHAH,0.942071736011478,0.605731470230863
YWHAQ,0.942143266475645,0.606199029126214
YWHAZ,0.942214592274678,0.642659340659341
YY1,0.877560402684564,0.281438202247191
ZAP70,0.975862334801762,0.793671914357683
ZBTB14,0.910540094339623,0.473377450980392
ZC3H13,0.975875619152449,0.793801132787917
ZEB2,0.0863333333333333,0.00996
ZFPM1,0.955974869109948,0.715014834205934
ZFPM2,0.9235483234714,0.694847521047708
ZFYVE16,0.975888888888889,0.715258936355711
ZFYVE9,0.960168224299065,0.715502613240418
ZIC3,0.949442944785276,0.755580283793876
ZMAT2,0.854963562753036,0.00193617021276596
ZMYM2,0.956014644351464,0.77582340862423
